Topic,Question
Reinforcement Learning,How does reinforcement learning differ from supervised learning?
Deep Learning,What is the role of backpropagation in deep learning?
Supervised Learning,How does overfitting impact supervised learning models?
Supervised Learning,What is the difference between supervised and unsupervised learning?
Deep Learning,How do deep neural networks handle complex patterns?
Optimization,Why is the learning rate important in optimization?
Feature Engineering,"What is feature scaling, and why is it important?"
Unsupervised Learning,How does clustering differ from classification?
Reinforcement Learning,What is the purpose of a value function in reinforcement learning?
Optimization,What is the difference between convex and non-convex optimization problems?
Natural Language Processing,What are the challenges of tokenizing text in NLP?
Supervised Learning,What is the role of labeled data in supervised learning?
Unsupervised Learning,What are the challenges of evaluating clustering algorithms?
Optimization,How does the Adam optimizer improve gradient descent?
Unsupervised Learning,"What is dimensionality reduction, and how does it help unsupervised learning?"
Natural Language Processing,What is the significance of pre-trained models in NLP?
Reinforcement Learning,What is the reward signal in reinforcement learning?
Supervised Learning,What are some common supervised learning algorithms?
Deep Learning,What is the difference between a perceptron and a multilayer perceptron?
Reinforcement Learning,What are some examples of reinforcement learning applications?
Feature Engineering,How does feature selection improve model performance?
Unsupervised Learning,What are some examples of unsupervised learning algorithms?
Feature Engineering,What are interaction terms in feature engineering?
Natural Language Processing,How do transformers revolutionize NLP tasks?
Natural Language Processing,How does sentiment analysis work in NLP?
Feature Engineering,How can domain knowledge improve feature engineering?
Optimization,What is the role of momentum in optimization algorithms?
Deep Learning,"What are vanishing gradients, and how are they mitigated?"
